year,month,day,hour,minute,second,moisture0,moisture1,moisture2,moisture3,moisture4,irrgation
2024,3,6,22,16,11,0.33,0.4,0.36,0.23,0.02,FALSE
2024,3,6,22,17,11,0.32,0.39,0.35,0.23,0.02,FALSE
2024,3,6,22,18,11,0.31,0.39,0.34,0.22,0.02,FALSE
2024,3,6,22,19,11,0.3,0.38,0.33,0.21,0.02,FALSE
2024,3,6,22,20,11,0.29,0.38,0.33,0.21,0.02,FALSE
2024,3,6,22,21,11,0.28,0.38,0.33,0.21,0.02,FALSE
2024,3,6,22,22,12,0.28,0.37,0.33,0.2,0.02,FALSE
2024,3,6,22,23,12,0.27,0.37,0.33,0.19,0.02,FALSE
2024,3,6,22,24,12,0.3,0.38,0.35,0.2,0.03,FALSE
2024,3,6,22,25,12,0.26,0.36,0.34,0.17,0.02,FALSE
2024,3,6,22,26,12,0.26,0.36,0.34,0.17,0.02,FALSE
2024,3,6,22,27,12,0.25,0.36,0.34,0.17,0.02,FALSE
2024,3,6,22,28,12,0.25,0.36,0.34,0.17,0.02,FALSE
2024,3,6,22,29,12,0.25,0.36,0.34,0.17,0.02,FALSE
2024,3,6,22,30,12,0.24,0.36,0.34,0.16,0.02,FALSE
2024,3,6,22,31,12,0.24,0.36,0.33,0.16,0.02,FALSE
2024,3,6,22,32,12,0.24,0.36,0.29,0.16,0.02,FALSE
2024,3,6,22,33,12,0.23,0.36,0.3,0.15,0.02,FALSE
2024,3,6,22,34,12,0.23,0.36,0.29,0.18,0.03,FALSE
2024,3,6,22,35,12,0.23,0.36,0.29,0.15,0.02,FALSE
2024,3,6,22,36,12,0.23,0.36,0.29,0.15,0.02,FALSE
2024,3,6,22,37,12,0.23,0.36,0.29,0.15,0.02,FALSE
2024,3,6,22,38,12,0.23,0.36,0.29,0.15,0.02,FALSE
2024,3,6,22,39,12,0.23,0.36,0.29,0.15,0.02,FALSE
2024,3,6,22,40,12,0.23,0.36,0.29,0.15,0.02,FALSE
2024,3,6,22,41,12,0.23,0.36,0.28,0.15,0.02,FALSE
2024,3,6,22,42,13,0.22,0.36,0.28,0.15,0.02,FALSE
2024,3,6,22,43,13,0.22,0.36,0.28,0.15,0.02,FALSE
2024,3,6,22,44,13,0.22,0.36,0.28,0.15,0.02,FALSE
2024,3,6,22,45,13,0.22,0.36,0.28,0.15,0.02,FALSE
2024,3,6,22,46,13,0.22,0.36,0.28,0.15,0.02,FALSE
2024,3,6,22,47,13,0.22,0.36,0.28,0.15,0.02,FALSE
2024,3,6,22,48,13,0.22,0.36,0.28,0.15,0.02,FALSE
2024,3,6,22,49,13,0.22,0.36,0.28,0.15,0.02,FALSE
2024,3,6,22,50,13,0.22,0.36,0.27,0.16,0.02,FALSE
2024,3,6,22,51,13,0.22,0.36,0.27,0.16,0.02,FALSE
2024,3,6,22,52,13,0.22,0.36,0.27,0.16,0.02,FALSE
2024,3,6,22,53,13,0.22,0.36,0.27,0.16,0.02,FALSE
2024,3,6,22,54,13,0.22,0.33,0.27,0.15,0.02,FALSE
2024,3,6,22,55,13,0.24,0.37,0.28,0.16,0.03,FALSE
2024,3,6,22,56,13,0.23,0.34,0.27,0.11,0.02,FALSE
2024,3,6,22,57,13,0.23,0.36,0.26,0.13,0.02,FALSE
2024,3,6,22,58,13,0.23,0.35,0.27,0.14,0.02,FALSE
2024,3,6,22,59,13,0.23,0.35,0.27,0.14,0.02,FALSE
2024,3,6,23,0,13,0.23,0.35,0.26,0.13,0.02,FALSE
2024,3,6,23,1,13,0.23,0.35,0.26,0.13,0.02,FALSE
2024,3,6,23,2,14,0.23,0.34,0.26,0.13,0.02,FALSE
2024,3,6,23,3,14,0.23,0.34,0.26,0.13,0.02,FALSE
2024,3,6,23,4,14,0.23,0.34,0.26,0.13,0.02,FALSE
2024,3,6,23,5,14,0.23,0.37,0.25,0.15,0.03,FALSE
2024,3,6,23,6,14,0.23,0.34,0.23,0.13,0.02,FALSE
2024,3,6,23,7,14,0.23,0.34,0.25,0.12,0.02,FALSE
2024,3,6,23,8,14,0.23,0.3,0.24,0.12,0.02,FALSE
2024,3,6,23,9,14,0.22,0.31,0.25,0.12,0.02,FALSE
2024,3,6,23,10,14,0.23,0.29,0.25,0.12,0.02,FALSE
2024,3,6,23,11,14,0.23,0.29,0.25,0.12,0.02,FALSE
2024,3,6,23,12,14,0.23,0.29,0.25,0.13,0.02,FALSE
2024,3,6,23,13,14,0.23,0.29,0.25,0.12,0.02,FALSE
2024,3,6,23,14,14,0.24,0.29,0.27,0.12,0.02,FALSE
2024,3,6,23,15,14,0.23,0.29,0.27,0.12,0.03,FALSE
2024,3,6,23,16,14,0.23,0.26,0.27,0.13,0.02,FALSE
2024,3,6,23,17,14,0.23,0.26,0.26,0.11,0.02,FALSE
2024,3,6,23,18,14,0.23,0.26,0.27,0.12,0.02,FALSE
2024,3,6,23,19,14,0.23,0.27,0.27,0.12,0.02,FALSE
2024,3,6,23,20,14,0.23,0.27,0.27,0.12,0.02,FALSE
2024,3,6,23,21,15,0.23,0.26,0.26,0.12,0.02,FALSE
2024,3,6,23,22,15,0.23,0.26,0.26,0.12,0.02,FALSE
2024,3,6,23,23,15,0.23,0.26,0.26,0.12,0.02,FALSE
2024,3,6,23,24,15,0.23,0.26,0.26,0.12,0.02,FALSE
2024,3,6,23,25,15,0.23,0.26,0.26,0.12,0.02,FALSE
2024,3,6,23,26,15,0.23,0.27,0.28,0.12,0.02,FALSE
2024,3,6,23,27,15,0.23,0.27,0.28,0.12,0.02,FALSE
2024,3,6,23,28,15,0.23,0.27,0.27,0.12,0.02,FALSE
2024,3,6,23,29,15,0.23,0.27,0.27,0.12,0.02,FALSE
2024,3,6,23,30,15,0.23,0.27,0.27,0.12,0.02,FALSE
2024,3,6,23,31,15,0.23,0.27,0.27,0.12,0.02,FALSE
2024,3,6,23,32,15,0.23,0.26,0.27,0.12,0.02,FALSE
2024,3,6,23,33,15,0.23,0.27,0.27,0.12,0.02,FALSE
2024,3,6,23,34,15,0.23,0.27,0.27,0.12,0.02,FALSE
2024,3,6,23,35,15,0.23,0.27,0.26,0.12,0.02,FALSE
2024,3,6,23,36,15,0.25,0.29,0.28,0.13,0.03,FALSE
2024,3,6,23,37,15,0.23,0.28,0.26,0.11,0.02,FALSE
2024,3,6,23,38,15,0.23,0.28,0.26,0.11,0.02,FALSE
2024,3,6,23,39,15,0.23,0.28,0.26,0.12,0.02,FALSE
2024,3,6,23,40,15,0.23,0.28,0.27,0.12,0.02,FALSE
2024,3,6,23,41,16,0.23,0.28,0.27,0.11,0.02,FALSE
2024,3,6,23,42,16,0.23,0.28,0.27,0.12,0.02,FALSE
2024,3,6,23,43,16,0.23,0.28,0.26,0.11,0.02,FALSE
2024,3,6,23,44,16,0.23,0.28,0.27,0.11,0.02,FALSE
2024,3,6,23,45,16,0.23,0.28,0.28,0.11,0.02,FALSE
2024,3,6,23,46,16,0.23,0.28,0.29,0.14,0.03,FALSE
2024,3,6,23,47,16,0.23,0.28,0.27,0.11,0.02,FALSE
2024,3,6,23,48,16,0.23,0.29,0.28,0.11,0.02,FALSE
2024,3,6,23,49,16,0.23,0.29,0.27,0.11,0.02,FALSE
2024,3,6,23,50,16,0.23,0.29,0.27,0.11,0.02,FALSE
2024,3,6,23,51,16,0.23,0.29,0.28,0.11,0.02,FALSE
2024,3,6,23,52,16,0.23,0.29,0.28,0.11,0.02,FALSE
2024,3,6,23,53,16,0.23,0.29,0.28,0.11,0.02,FALSE
2024,3,6,23,54,16,0.23,0.29,0.28,0.11,0.02,FALSE
2024,3,6,23,55,16,0.23,0.29,0.27,0.11,0.02,FALSE
2024,3,6,23,56,16,0.23,0.3,0.29,0.11,0.03,FALSE
2024,3,6,23,57,16,0.23,0.3,0.28,0.11,0.02,FALSE
2024,3,6,23,58,16,0.22,0.3,0.28,0.11,0.02,FALSE
2024,3,6,23,59,16,0.22,0.3,0.28,0.11,0.02,FALSE
2024,3,7,0,0,16,0.23,0.31,0.29,0.11,0.02,FALSE
2024,3,7,0,1,17,0.23,0.31,0.27,0.11,0.02,FALSE
2024,3,7,0,2,17,0.22,0.31,0.29,0.11,0.02,FALSE
2024,3,7,0,3,17,0.22,0.32,0.29,0.11,0.02,FALSE
2024,3,7,0,4,17,0.22,0.33,0.29,0.11,0.02,FALSE
2024,3,7,0,5,17,0.22,0.33,0.29,0.11,0.02,FALSE
2024,3,7,0,6,17,0.22,0.33,0.28,0.11,0.02,FALSE
2024,3,7,0,7,17,0.25,0.32,0.29,0.13,0.03,FALSE
2024,3,7,0,8,17,0.22,0.3,0.29,0.11,0.02,FALSE
2024,3,7,0,9,17,0.22,0.32,0.29,0.11,0.02,FALSE
2024,3,7,0,10,17,0.22,0.32,0.29,0.11,0.02,FALSE
2024,3,7,0,11,17,0.22,0.32,0.28,0.11,0.02,FALSE
2024,3,7,0,12,17,0.22,0.31,0.3,0.11,0.02,FALSE
2024,3,7,0,13,17,0.22,0.3,0.3,0.11,0.02,FALSE
2024,3,7,0,14,17,0.22,0.32,0.3,0.11,0.02,FALSE
2024,3,7,0,15,17,0.22,0.31,0.3,0.11,0.02,FALSE
2024,3,7,0,16,17,0.22,0.31,0.29,0.11,0.02,FALSE
2024,3,7,0,17,17,0.22,0.3,0.3,0.11,0.03,FALSE
2024,3,7,0,18,17,0.22,0.3,0.31,0.1,0.02,FALSE
2024,3,7,0,19,17,0.22,0.3,0.29,0.11,0.02,FALSE
2024,3,7,0,20,18,0.22,0.3,0.29,0.1,0.02,FALSE
2024,3,7,0,21,18,0.21,0.3,0.31,0.11,0.02,FALSE
2024,3,7,0,22,18,0.21,0.3,0.3,0.1,0.02,FALSE
2024,3,7,0,23,18,0.21,0.3,0.3,0.11,0.02,FALSE
2024,3,7,0,24,18,0.21,0.3,0.31,0.1,0.02,FALSE
2024,3,7,0,25,18,0.21,0.3,0.3,0.11,0.02,FALSE
2024,3,7,0,26,18,0.21,0.3,0.31,0.11,0.02,FALSE
2024,3,7,0,27,18,0.21,0.3,0.3,0.11,0.02,FALSE
2024,3,7,0,28,18,0.24,0.32,0.31,0.12,0.03,FALSE
2024,3,7,0,29,18,0.21,0.3,0.3,0.11,0.02,FALSE
2024,3,7,0,30,18,0.21,0.3,0.3,0.11,0.02,FALSE
2024,3,7,0,31,18,0.21,0.32,0.3,0.11,0.02,FALSE
2024,3,7,0,32,18,0.21,0.32,0.3,0.11,0.02,FALSE
2024,3,7,0,33,18,0.21,0.32,0.3,0.1,0.02,FALSE
2024,3,7,0,34,18,0.21,0.33,0.3,0.1,0.02,FALSE
2024,3,7,0,35,18,0.21,0.33,0.3,0.11,0.02,FALSE
2024,3,7,0,36,18,0.21,0.33,0.3,0.11,0.02,FALSE
2024,3,7,0,37,18,0.21,0.33,0.3,0.11,0.02,FALSE
2024,3,7,0,38,18,0.21,0.33,0.31,0.14,0.03,FALSE
2024,3,7,0,39,18,0.21,0.32,0.31,0.1,0.02,FALSE
2024,3,7,0,40,19,0.21,0.32,0.3,0.1,0.02,FALSE
2024,3,7,0,41,19,0.21,0.33,0.3,0.1,0.02,FALSE
2024,3,7,0,42,19,0.21,0.32,0.32,0.1,0.02,FALSE
2024,3,7,0,43,19,0.21,0.33,0.31,0.1,0.02,FALSE
2024,3,7,0,44,19,0.21,0.33,0.3,0.1,0.02,FALSE
2024,3,7,0,45,19,0.21,0.32,0.3,0.1,0.02,FALSE
2024,3,7,0,46,19,0.21,0.32,0.3,0.1,0.02,FALSE
2024,3,7,0,47,19,0.21,0.31,0.3,0.1,0.02,FALSE
2024,3,7,0,48,19,0.21,0.31,0.3,0.1,0.02,FALSE
2024,3,7,0,49,19,0.23,0.32,0.31,0.12,0.03,FALSE
2024,3,7,0,50,19,0.21,0.32,0.3,0.1,0.02,FALSE
2024,3,7,0,51,19,0.21,0.32,0.31,0.1,0.02,FALSE
2024,3,7,0,52,19,0.21,0.32,0.31,0.1,0.02,FALSE
2024,3,7,0,53,19,0.21,0.32,0.31,0.1,0.02,FALSE
2024,3,7,0,54,19,0.21,0.31,0.31,0.1,0.02,FALSE
2024,3,7,0,55,19,0.21,0.31,0.31,0.1,0.02,FALSE
2024,3,7,0,56,19,0.21,0.31,0.31,0.1,0.02,FALSE
2024,3,7,0,57,19,0.21,0.31,0.31,0.1,0.02,FALSE
2024,3,7,0,58,19,0.21,0.31,0.31,0.1,0.02,FALSE
2024,3,7,0,59,19,0.21,0.31,0.33,0.13,0.03,FALSE
2024,3,7,1,0,20,0.21,0.31,0.3,0.1,0.02,FALSE
2024,3,7,1,1,20,0.21,0.31,0.31,0.1,0.02,FALSE
2024,3,7,1,2,20,0.2,0.31,0.31,0.1,0.02,FALSE
2024,3,7,1,3,20,0.2,0.31,0.31,0.1,0.02,FALSE
2024,3,7,1,4,20,0.21,0.31,0.31,0.1,0.02,FALSE
2024,3,7,1,5,20,0.21,0.32,0.31,0.1,0.02,FALSE
2024,3,7,1,6,20,0.2,0.33,0.31,0.1,0.02,FALSE
2024,3,7,1,7,20,0.2,0.36,0.31,0.1,0.02,FALSE
2024,3,7,1,8,20,0.21,0.38,0.31,0.1,0.02,FALSE
2024,3,7,1,9,20,0.2,0.39,0.31,0.1,0.02,FALSE
2024,3,7,1,10,20,0.23,0.39,0.32,0.11,0.03,FALSE
2024,3,7,1,11,20,0.2,0.38,0.31,0.1,0.02,FALSE
2024,3,7,1,12,20,0.21,0.38,0.31,0.1,0.02,FALSE
2024,3,7,1,13,20,0.2,0.36,0.31,0.1,0.02,FALSE
2024,3,7,1,14,20,0.21,0.33,0.31,0.1,0.02,FALSE
2024,3,7,1,15,20,0.2,0.38,0.31,0.1,0.02,FALSE
2024,3,7,1,16,20,0.21,0.38,0.31,0.1,0.02,FALSE
2024,3,7,1,17,20,0.2,0.34,0.31,0.1,0.02,FALSE
2024,3,7,1,18,20,0.21,0.37,0.31,0.1,0.02,FALSE
2024,3,7,1,19,20,0.2,0.37,0.31,0.1,0.02,FALSE
2024,3,7,1,20,21,0.21,0.38,0.31,0.13,0.03,FALSE
2024,3,7,1,21,21,0.2,0.38,0.31,0.1,0.02,FALSE
2024,3,7,1,22,21,0.2,0.33,0.31,0.1,0.02,FALSE
2024,3,7,1,23,21,0.2,0.34,0.31,0.1,0.02,FALSE
2024,3,7,1,24,21,0.21,0.37,0.31,0.1,0.02,FALSE
2024,3,7,1,25,21,0.21,0.38,0.31,0.1,0.02,FALSE
2024,3,7,1,26,21,0.21,0.39,0.31,0.1,0.02,FALSE
2024,3,7,1,27,21,0.21,0.36,0.31,0.11,0.02,FALSE
2024,3,7,1,28,21,0.21,0.37,0.31,0.12,0.02,FALSE
2024,3,7,1,29,21,0.21,0.37,0.32,0.12,0.02,FALSE
2024,3,7,1,30,21,0.2,0.37,0.31,0.11,0.02,FALSE
2024,3,7,1,31,21,0.23,0.37,0.32,0.12,0.03,FALSE
2024,3,7,1,32,21,0.21,0.34,0.31,0.11,0.02,FALSE
2024,3,7,1,33,21,0.21,0.4,0.31,0.11,0.02,FALSE
2024,3,7,1,34,21,0.21,0.37,0.32,0.11,0.02,FALSE
2024,3,7,1,35,21,0.21,0.38,0.31,0.1,0.02,FALSE
2024,3,7,1,36,21,0.21,0.37,0.32,0.11,0.02,FALSE
2024,3,7,1,37,21,0.21,0.37,0.32,0.11,0.02,FALSE
2024,3,7,1,38,21,0.2,0.39,0.32,0.11,0.02,FALSE
2024,3,7,1,39,21,0.21,0.37,0.32,0.11,0.02,FALSE
2024,3,7,1,40,22,0.2,0.38,0.31,0.11,0.02,FALSE
2024,3,7,1,41,22,0.2,0.41,0.34,0.13,0.03,FALSE
2024,3,7,1,42,22,0.2,0.39,0.31,0.11,0.02,FALSE
2024,3,7,1,43,22,0.2,0.39,0.31,0.11,0.02,FALSE
2024,3,7,1,44,22,0.21,0.38,0.32,0.11,0.02,FALSE
2024,3,7,1,45,22,0.2,0.38,0.31,0.11,0.02,FALSE
2024,3,7,1,46,22,0.21,0.38,0.31,0.11,0.02,FALSE
2024,3,7,1,47,22,0.21,0.39,0.31,0.11,0.02,FALSE
2024,3,7,1,48,22,0.21,0.39,0.32,0.11,0.02,FALSE
2024,3,7,1,49,22,0.21,0.4,0.32,0.11,0.02,FALSE
2024,3,7,1,50,22,0.21,0.39,0.31,0.11,0.02,FALSE
2024,3,7,1,51,22,0.21,0.38,0.31,0.11,0.02,FALSE
2024,3,7,1,52,22,0.21,0.39,0.31,0.11,0.02,FALSE
2024,3,7,1,53,22,0.21,0.39,0.31,0.11,0.02,FALSE
2024,3,7,1,54,22,0.21,0.39,0.32,0.11,0.02,FALSE
2024,3,7,1,55,22,0.21,0.34,0.32,0.11,0.02,FALSE
2024,3,7,1,56,22,0.21,0.34,0.32,0.11,0.02,FALSE
2024,3,7,1,57,22,0.21,0.34,0.32,0.11,0.02,FALSE
2024,3,7,1,58,22,0.21,0.35,0.31,0.11,0.02,FALSE
2024,3,7,1,59,22,0.21,0.37,0.31,0.11,0.02,FALSE
2024,3,7,2,0,23,0.21,0.39,0.31,0.11,0.02,FALSE
2024,3,7,2,1,23,0.2,0.4,0.31,0.11,0.03,FALSE
2024,3,7,2,2,23,0.21,0.38,0.34,0.13,0.04,FALSE
2024,3,7,2,3,23,0.2,0.4,0.32,0.11,0.02,FALSE
2024,3,7,2,4,23,0.21,0.39,0.31,0.11,0.02,FALSE
2024,3,7,2,5,23,0.21,0.36,0.31,0.11,0.02,FALSE
2024,3,7,2,6,23,0.2,0.39,0.31,0.11,0.02,FALSE
2024,3,7,2,7,23,0.2,0.36,0.32,0.11,0.02,FALSE
2024,3,7,2,8,23,0.2,0.39,0.31,0.11,0.02,FALSE
2024,3,7,2,9,23,0.2,0.39,0.32,0.11,0.02,FALSE
2024,3,7,2,10,23,0.2,0.39,0.32,0.12,0.02,FALSE
2024,3,7,2,11,23,0.2,0.36,0.32,0.13,0.02,FALSE
2024,3,7,2,12,23,0.2,0.38,0.32,0.12,0.02,FALSE
2024,3,7,2,13,23,0.22,0.37,0.33,0.13,0.03,FALSE
2024,3,7,2,14,23,0.2,0.4,0.32,0.11,0.02,FALSE
2024,3,7,2,15,23,0.2,0.36,0.32,0.11,0.02,FALSE
2024,3,7,2,16,23,0.2,0.4,0.32,0.11,0.02,FALSE
2024,3,7,2,17,23,0.2,0.39,0.32,0.11,0.02,FALSE
2024,3,7,2,18,23,0.2,0.39,0.32,0.11,0.02,FALSE
2024,3,7,2,19,23,0.2,0.39,0.32,0.11,0.02,FALSE
2024,3,7,2,20,24,0.2,0.39,0.32,0.11,0.02,FALSE
2024,3,7,2,21,24,0.2,0.39,0.32,0.11,0.02,FALSE
2024,3,7,2,22,24,0.2,0.39,0.32,0.11,0.02,FALSE
2024,3,7,2,23,24,0.2,0.39,0.35,0.14,0.04,FALSE
2024,3,7,2,24,24,0.2,0.41,0.32,0.11,0.02,FALSE
2024,3,7,2,25,24,0.2,0.4,0.32,0.11,0.02,FALSE
2024,3,7,2,26,24,0.2,0.4,0.32,0.11,0.02,FALSE
2024,3,7,2,27,24,0.2,0.38,0.32,0.11,0.02,FALSE
2024,3,7,2,28,24,0.2,0.37,0.32,0.11,0.02,FALSE
2024,3,7,2,29,24,0.2,0.39,0.32,0.11,0.02,FALSE
2024,3,7,2,30,24,0.2,0.39,0.32,0.11,0.02,FALSE
2024,3,7,2,31,24,0.2,0.37,0.32,0.11,0.02,FALSE
2024,3,7,2,32,24,0.2,0.38,0.32,0.11,0.02,FALSE
2024,3,7,2,33,24,0.2,0.37,0.32,0.11,0.02,FALSE
2024,3,7,2,34,25,0.2,0.37,0.32,0.11,0.02,FALSE
2024,3,7,2,35,25,0.2,0.4,0.32,0.11,0.02,FALSE
2024,3,7,2,36,25,0.2,0.4,0.32,0.11,0.02,FALSE
2024,3,7,2,37,25,0.2,0.39,0.32,0.11,0.02,FALSE
2024,3,7,2,38,25,0.2,0.41,0.32,0.11,0.02,FALSE
2024,3,7,2,39,25,0.2,0.38,0.32,0.11,0.02,FALSE
2024,3,7,2,40,25,0.2,0.38,0.32,0.11,0.02,FALSE
2024,3,7,2,41,25,0.2,0.38,0.32,0.11,0.02,FALSE
2024,3,7,2,42,25,0.2,0.39,0.32,0.11,0.02,FALSE
2024,3,7,2,43,25,0.2,0.37,0.32,0.11,0.02,FALSE
2024,3,7,2,44,25,0.2,0.44,0.34,0.14,0.04,FALSE
2024,3,7,2,45,25,0.2,0.39,0.32,0.12,0.02,FALSE
2024,3,7,2,46,25,0.2,0.39,0.32,0.12,0.02,FALSE
2024,3,7,2,47,25,0.2,0.39,0.32,0.12,0.02,FALSE
2024,3,7,2,48,25,0.2,0.39,0.32,0.11,0.02,FALSE
2024,3,7,2,49,25,0.2,0.37,0.33,0.11,0.03,FALSE
2024,3,7,2,50,25,0.2,0.39,0.32,0.11,0.02,FALSE
2024,3,7,2,51,25,0.21,0.38,0.32,0.12,0.02,FALSE
2024,3,7,2,52,25,0.21,0.37,0.32,0.12,0.02,FALSE
2024,3,7,2,53,25,0.21,0.38,0.32,0.12,0.02,FALSE
2024,3,7,2,54,26,0.21,0.39,0.32,0.12,0.02,FALSE
2024,3,7,2,55,26,0.21,0.38,0.32,0.12,0.02,FALSE
2024,3,7,2,56,26,0.21,0.37,0.32,0.12,0.02,FALSE
2024,3,7,2,57,26,0.21,0.37,0.32,0.12,0.02,FALSE
2024,3,7,2,58,26,0.21,0.38,0.32,0.11,0.02,FALSE
2024,3,7,2,59,26,0.21,0.39,0.32,0.11,0.02,FALSE
2024,3,7,3,0,26,0.21,0.36,0.32,0.11,0.02,FALSE
2024,3,7,3,1,26,0.21,0.39,0.32,0.12,0.02,FALSE
2024,3,7,3,2,26,0.21,0.39,0.32,0.12,0.02,FALSE
2024,3,7,3,3,26,0.21,0.38,0.32,0.12,0.02,FALSE
2024,3,7,3,4,26,0.21,0.37,0.32,0.12,0.02,FALSE
2024,3,7,3,5,26,0.21,0.39,0.35,0.15,0.03,FALSE
2024,3,7,3,6,26,0.21,0.39,0.32,0.13,0.02,FALSE
2024,3,7,3,7,26,0.21,0.39,0.32,0.13,0.02,FALSE
2024,3,7,3,8,26,0.21,0.38,0.32,0.12,0.02,FALSE
2024,3,7,3,9,26,0.21,0.37,0.32,0.12,0.02,FALSE
2024,3,7,3,10,26,0.21,0.38,0.32,0.12,0.02,FALSE
2024,3,7,3,11,26,0.21,0.38,0.32,0.12,0.02,FALSE
2024,3,7,3,12,26,0.21,0.39,0.32,0.12,0.02,FALSE
2024,3,7,3,13,26,0.21,0.38,0.32,0.13,0.02,FALSE
2024,3,7,3,14,27,0.21,0.39,0.32,0.13,0.02,FALSE
2024,3,7,3,15,27,0.21,0.39,0.32,0.13,0.02,FALSE
2024,3,7,3,16,27,0.21,0.4,0.32,0.13,0.02,FALSE
2024,3,7,3,17,27,0.21,0.38,0.32,0.13,0.02,FALSE
2024,3,7,3,18,27,0.21,0.39,0.32,0.12,0.02,FALSE
2024,3,7,3,19,27,0.2,0.38,0.32,0.13,0.02,FALSE
2024,3,7,3,20,27,0.21,0.35,0.32,0.12,0.02,FALSE
2024,3,7,3,21,27,0.21,0.35,0.32,0.13,0.02,FALSE
2024,3,7,3,22,27,0.21,0.36,0.32,0.12,0.02,FALSE
2024,3,7,3,23,27,0.2,0.38,0.32,0.13,0.02,FALSE
2024,3,7,3,24,27,0.2,0.4,0.32,0.13,0.02,FALSE
2024,3,7,3,25,27,0.2,0.38,0.32,0.13,0.02,FALSE
2024,3,7,3,26,27,0.2,0.41,0.34,0.15,0.03,FALSE
2024,3,7,3,27,27,0.21,0.4,0.32,0.12,0.02,FALSE
2024,3,7,3,28,27,0.2,0.39,0.32,0.12,0.02,FALSE
2024,3,7,3,29,27,0.21,0.38,0.32,0.13,0.02,FALSE
2024,3,7,3,30,27,0.2,0.39,0.32,0.12,0.02,FALSE
2024,3,7,3,31,27,0.2,0.38,0.32,0.12,0.02,FALSE
2024,3,7,3,32,27,0.2,0.38,0.32,0.12,0.02,FALSE
2024,3,7,3,33,27,0.21,0.38,0.32,0.12,0.02,FALSE
2024,3,7,3,34,28,0.2,0.38,0.32,0.12,0.02,FALSE
2024,3,7,3,35,28,0.2,0.39,0.32,0.12,0.02,FALSE
2024,3,7,3,36,28,0.2,0.4,0.32,0.12,0.02,FALSE
2024,3,7,3,37,28,0.21,0.39,0.32,0.12,0.02,FALSE
2024,3,7,3,38,28,0.21,0.38,0.32,0.12,0.02,FALSE
2024,3,7,3,39,28,0.21,0.39,0.32,0.13,0.02,FALSE
2024,3,7,3,40,28,0.21,0.39,0.32,0.13,0.03,FALSE
2024,3,7,3,41,28,0.21,0.38,0.33,0.13,0.03,FALSE
2024,3,7,3,42,28,0.21,0.38,0.33,0.13,0.03,FALSE
2024,3,7,3,43,28,0.21,0.37,0.33,0.13,0.03,FALSE
2024,3,7,3,44,28,0.21,0.38,0.33,0.13,0.03,FALSE
2024,3,7,3,45,28,0.21,0.36,0.33,0.13,0.03,FALSE
2024,3,7,3,46,28,0.21,0.36,0.33,0.13,0.03,FALSE
2024,3,7,3,47,28,0.27,0.39,0.35,0.15,0.05,FALSE
2024,3,7,3,48,28,0.21,0.37,0.33,0.12,0.03,FALSE
2024,3,7,3,49,28,0.21,0.39,0.33,0.13,0.03,FALSE
2024,3,7,3,50,28,0.21,0.39,0.33,0.13,0.03,FALSE
2024,3,7,3,51,28,0.21,0.4,0.32,0.13,0.03,FALSE
2024,3,7,3,52,28,0.21,0.36,0.33,0.13,0.03,FALSE
2024,3,7,3,53,28,0.21,0.36,0.32,0.13,0.03,FALSE
2024,3,7,3,54,29,0.21,0.37,0.32,0.13,0.03,FALSE
2024,3,7,3,55,29,0.21,0.4,0.32,0.13,0.03,FALSE
2024,3,7,3,56,29,0.21,0.4,0.32,0.13,0.03,FALSE
2024,3,7,3,57,29,0.21,0.37,0.32,0.13,0.03,FALSE
2024,3,7,3,58,29,0.21,0.37,0.32,0.13,0.03,FALSE
2024,3,7,3,59,29,0.21,0.39,0.32,0.13,0.03,FALSE
2024,3,7,4,0,29,0.21,0.36,0.33,0.14,0.04,FALSE
2024,3,7,4,1,29,0.21,0.37,0.32,0.13,0.03,FALSE
2024,3,7,4,2,29,0.21,0.37,0.32,0.13,0.03,FALSE
2024,3,7,4,3,29,0.21,0.38,0.32,0.13,0.03,FALSE
2024,3,7,4,4,29,0.21,0.38,0.32,0.13,0.03,FALSE
2024,3,7,4,5,29,0.21,0.37,0.32,0.13,0.04,FALSE
2024,3,7,4,6,29,0.21,0.38,0.32,0.13,0.04,FALSE
2024,3,7,4,7,29,0.21,0.38,0.32,0.13,0.03,FALSE
2024,3,7,4,8,29,0.21,0.4,0.35,0.16,0.05,FALSE
2024,3,7,4,9,29,0.21,0.4,0.32,0.13,0.03,FALSE
2024,3,7,4,10,29,0.21,0.38,0.32,0.13,0.03,FALSE
2024,3,7,4,11,29,0.21,0.37,0.32,0.13,0.03,FALSE
2024,3,7,4,12,29,0.21,0.37,0.33,0.13,0.03,FALSE
2024,3,7,4,13,29,0.22,0.65,0.33,0.13,0.04,FALSE
2024,3,7,4,14,30,0.22,0.82,0.33,0.13,0.04,FALSE
2024,3,7,4,15,30,0.22,0.85,0.33,0.13,0.04,FALSE
2024,3,7,4,16,30,0.22,0.86,0.33,0.13,0.04,FALSE
2024,3,7,4,17,30,0.22,0.88,0.33,0.13,0.04,FALSE
2024,3,7,4,18,30,0.22,0.87,0.33,0.13,0.04,FALSE
2024,3,7,4,19,30,0.22,0.87,0.33,0.13,0.04,FALSE
2024,3,7,4,20,30,0.22,0.88,0.33,0.13,0.04,FALSE
2024,3,7,4,21,30,0.22,0.89,0.34,0.13,0.04,FALSE
2024,3,7,4,22,30,0.22,0.91,0.34,0.13,0.04,FALSE
2024,3,7,4,23,30,0.22,0.9,0.34,0.13,0.04,FALSE
2024,3,7,4,24,30,0.22,0.91,0.34,0.13,0.04,FALSE
2024,3,7,4,25,30,0.22,0.93,0.34,0.13,0.04,FALSE
2024,3,7,4,26,30,0.22,0.92,0.34,0.13,0.04,FALSE
2024,3,7,4,27,30,0.22,0.93,0.34,0.13,0.04,FALSE
2024,3,7,4,28,30,0.22,0.92,0.33,0.13,0.04,FALSE
2024,3,7,4,29,30,0.27,0.92,0.35,0.15,0.05,FALSE
2024,3,7,4,30,30,0.21,0.92,0.34,0.13,0.04,FALSE
2024,3,7,4,31,30,0.21,0.93,0.34,0.13,0.04,FALSE
2024,3,7,4,32,30,0.21,0.93,0.34,0.13,0.04,FALSE
2024,3,7,4,33,30,0.21,0.93,0.34,0.13,0.03,FALSE
2024,3,7,4,34,31,0.21,0.95,0.33,0.13,0.03,FALSE
2024,3,7,4,35,31,0.21,0.95,0.33,0.13,0.04,FALSE
2024,3,7,4,36,31,0.21,0.95,0.33,0.13,0.04,FALSE
2024,3,7,4,37,31,0.21,0.94,0.33,0.13,0.04,FALSE
2024,3,7,4,38,31,0.21,0.94,0.33,0.13,0.03,FALSE
2024,3,7,4,39,31,0.21,0.94,0.33,0.13,0.03,FALSE
2024,3,7,4,40,31,0.21,0.94,0.33,0.13,0.04,FALSE
2024,3,7,4,41,31,0.21,0.95,0.33,0.13,0.04,FALSE
2024,3,7,4,42,31,0.21,0.95,0.33,0.13,0.03,FALSE
2024,3,7,4,43,31,0.21,0.95,0.33,0.13,0.04,FALSE
2024,3,7,4,44,31,0.21,0.95,0.33,0.13,0.04,FALSE
2024,3,7,4,45,31,0.21,0.95,0.33,0.13,0.03,FALSE
2024,3,7,4,46,31,0.21,0.95,0.33,0.13,0.03,FALSE
2024,3,7,4,47,31,0.21,0.95,0.34,0.13,0.04,FALSE
2024,3,7,4,48,31,0.21,0.95,0.34,0.12,0.03,FALSE
2024,3,7,4,49,31,0.21,0.95,0.34,0.12,0.03,FALSE
2024,3,7,4,50,31,0.25,0.95,0.35,0.14,0.05,FALSE
2024,3,7,4,51,31,0.21,0.95,0.34,0.13,0.03,FALSE
2024,3,7,4,52,31,0.21,0.95,0.34,0.13,0.04,FALSE
2024,3,7,4,53,32,0.21,0.95,0.34,0.13,0.04,FALSE
2024,3,7,4,54,32,0.21,0.95,0.35,0.13,0.04,FALSE
2024,3,7,4,55,32,0.21,0.95,0.35,0.13,0.04,FALSE
2024,3,7,4,56,32,0.21,0.95,0.35,0.13,0.04,FALSE
2024,3,7,4,57,32,0.21,0.95,0.35,0.13,0.04,FALSE
2024,3,7,4,58,32,0.21,0.95,0.35,0.13,0.04,FALSE
2024,3,7,4,59,32,0.21,0.95,0.35,0.13,0.04,FALSE
2024,3,7,5,0,32,0.21,0.95,0.35,0.13,0.05,FALSE
2024,3,7,5,1,32,0.21,0.95,0.35,0.13,0.04,FALSE
2024,3,7,5,2,32,0.21,0.95,0.35,0.13,0.04,FALSE
2024,3,7,5,3,32,0.21,0.95,0.35,0.13,0.04,FALSE
2024,3,7,5,4,32,0.21,0.95,0.35,0.13,0.04,FALSE
2024,3,7,5,5,32,0.21,0.95,0.35,0.13,0.04,FALSE
2024,3,7,5,6,32,0.21,0.95,0.35,0.13,0.04,FALSE
2024,3,7,5,7,32,0.21,0.95,0.34,0.13,0.04,FALSE
2024,3,7,5,8,32,0.21,0.95,0.34,0.13,0.04,FALSE
2024,3,7,5,9,32,0.21,0.95,0.34,0.13,0.04,FALSE
2024,3,7,5,10,32,0.21,0.95,0.34,0.13,0.04,FALSE
2024,3,7,5,11,32,0.27,0.94,0.36,0.16,0.06,FALSE
2024,3,7,5,12,32,0.21,0.95,0.34,0.13,0.04,FALSE
2024,3,7,5,13,33,0.22,0.95,0.34,0.13,0.04,FALSE
2024,3,7,5,14,33,0.21,0.94,0.34,0.13,0.04,FALSE
2024,3,7,5,15,33,0.21,0.94,0.34,0.13,0.04,FALSE
2024,3,7,5,16,33,0.22,0.94,0.34,0.13,0.04,FALSE
2024,3,7,5,17,33,0.21,0.94,0.34,0.13,0.04,FALSE
2024,3,7,5,18,33,0.21,0.94,0.34,0.14,0.04,FALSE
2024,3,7,5,19,33,0.21,0.95,0.34,0.14,0.04,FALSE
2024,3,7,5,20,33,0.21,0.94,0.35,0.13,0.04,FALSE
2024,3,7,5,21,33,0.21,0.94,0.35,0.13,0.04,FALSE
2024,3,7,5,22,33,0.21,0.94,0.35,0.13,0.04,FALSE
2024,3,7,5,23,33,0.21,0.94,0.35,0.13,0.04,FALSE
2024,3,7,5,24,33,0.21,0.94,0.35,0.13,0.04,FALSE
2024,3,7,5,25,33,0.21,0.94,0.35,0.13,0.04,FALSE
2024,3,7,5,26,33,0.21,0.94,0.35,0.13,0.04,FALSE
2024,3,7,5,27,33,0.21,0.94,0.35,0.13,0.04,FALSE
2024,3,7,5,28,33,0.21,0.94,0.34,0.13,0.04,FALSE
2024,3,7,5,29,33,0.21,0.94,0.35,0.14,0.04,FALSE
2024,3,7,5,30,33,0.21,0.95,0.34,0.14,0.04,FALSE
2024,3,7,5,31,33,0.21,0.95,0.34,0.14,0.04,FALSE
2024,3,7,5,32,33,0.26,0.93,0.36,0.16,0.06,FALSE
2024,3,7,5,33,34,0.21,0.95,0.34,0.14,0.04,FALSE
2024,3,7,5,34,34,0.22,0.95,0.34,0.13,0.04,FALSE
2024,3,7,5,35,34,0.21,0.95,0.34,0.13,0.04,FALSE
2024,3,7,5,36,34,0.21,0.95,0.34,0.13,0.04,FALSE
2024,3,7,5,37,34,0.21,0.95,0.35,0.13,0.04,FALSE
2024,3,7,5,38,34,0.21,0.95,0.35,0.13,0.04,FALSE
2024,3,7,5,39,34,0.21,0.95,0.35,0.13,0.04,FALSE
2024,3,7,5,40,34,0.21,0.95,0.35,0.13,0.04,FALSE
2024,3,7,5,41,34,0.21,0.95,0.35,0.13,0.04,FALSE
2024,3,7,5,42,34,0.21,0.95,0.34,0.14,0.06,FALSE
2024,3,7,5,43,34,0.21,0.95,0.34,0.14,0.04,FALSE
2024,3,7,5,44,34,0.21,0.95,0.34,0.14,0.04,FALSE
2024,3,7,5,45,34,0.21,0.95,0.34,0.14,0.04,FALSE
2024,3,7,5,46,34,0.21,0.95,0.34,0.13,0.04,FALSE
2024,3,7,5,47,34,0.21,0.95,0.34,0.13,0.04,FALSE
2024,3,7,5,48,34,0.21,0.95,0.34,0.13,0.04,FALSE
2024,3,7,5,49,34,0.21,0.95,0.34,0.13,0.04,FALSE
2024,3,7,5,50,34,0.21,0.95,0.35,0.14,0.04,FALSE
2024,3,7,5,51,34,0.21,0.95,0.35,0.14,0.04,FALSE
2024,3,7,5,52,34,0.21,0.95,0.35,0.13,0.04,FALSE
2024,3,7,5,53,35,0.24,0.94,0.36,0.16,0.06,FALSE
2024,3,7,5,54,35,0.21,0.95,0.35,0.14,0.04,FALSE
2024,3,7,5,55,35,0.21,0.95,0.35,0.14,0.04,FALSE
2024,3,7,5,56,35,0.21,0.95,0.35,0.14,0.04,FALSE
2024,3,7,5,57,35,0.21,0.95,0.35,0.14,0.04,FALSE
2024,3,7,5,58,35,0.21,0.95,0.35,0.14,0.04,FALSE
2024,3,7,5,59,35,0.21,0.95,0.36,0.14,0.04,FALSE
2024,3,7,6,0,35,0.21,0.95,0.36,0.14,0.04,FALSE
2024,3,7,6,1,35,0.21,0.95,0.36,0.14,0.04,FALSE
2024,3,7,6,2,35,0.21,0.95,0.36,0.13,0.04,FALSE
2024,3,7,6,3,35,0.21,0.95,0.36,0.13,0.06,FALSE
2024,3,7,6,4,35,0.22,0.94,0.36,0.13,0.04,FALSE
2024,3,7,6,5,35,0.22,0.95,0.36,0.13,0.04,FALSE
2024,3,7,6,6,35,0.22,0.95,0.36,0.13,0.04,FALSE
2024,3,7,6,7,35,0.22,0.96,0.37,0.13,0.04,FALSE
2024,3,7,6,8,35,0.22,0.96,0.37,0.14,0.04,FALSE
2024,3,7,6,9,35,0.22,0.96,0.37,0.14,0.04,FALSE
2024,3,7,6,10,35,0.22,0.95,0.37,0.14,0.04,FALSE
2024,3,7,6,11,35,0.22,0.96,0.37,0.14,0.04,FALSE
2024,3,7,6,12,35,0.22,0.96,0.37,0.14,0.04,FALSE
2024,3,7,6,13,36,0.22,0.96,0.37,0.13,0.04,FALSE
2024,3,7,6,14,36,0.26,0.95,0.39,0.16,0.06,FALSE
2024,3,7,6,15,36,0.22,0.96,0.37,0.13,0.04,FALSE
2024,3,7,6,16,36,0.22,0.96,0.37,0.13,0.04,FALSE
2024,3,7,6,17,36,0.22,0.96,0.37,0.14,0.04,FALSE
2024,3,7,6,18,36,0.22,0.96,0.37,0.14,0.04,FALSE
2024,3,7,6,19,36,0.22,0.96,0.37,0.14,0.04,FALSE
2024,3,7,6,20,36,0.22,0.96,0.37,0.14,0.04,FALSE
2024,3,7,6,21,36,0.22,0.96,0.37,0.14,0.04,FALSE
2024,3,7,6,22,36,0.22,0.96,0.37,0.13,0.04,FALSE
2024,3,7,6,23,36,0.22,0.96,0.38,0.13,0.04,FALSE
2024,3,7,6,24,36,0.22,0.96,0.38,0.13,0.05,FALSE
2024,3,7,6,25,36,0.21,0.96,0.38,0.14,0.04,FALSE
2024,3,7,6,26,36,0.21,0.96,0.38,0.14,0.04,FALSE
2024,3,7,6,27,36,0.21,0.96,0.38,0.14,0.04,FALSE
2024,3,7,6,28,36,0.21,0.96,0.38,0.13,0.04,FALSE
2024,3,7,6,29,36,0.21,0.96,0.38,0.13,0.04,FALSE
2024,3,7,6,30,36,0.21,0.96,0.38,0.13,0.04,FALSE
2024,3,7,6,31,36,0.21,0.96,0.38,0.14,0.04,FALSE
2024,3,7,6,32,36,0.21,0.96,0.39,0.14,0.04,FALSE
2024,3,7,6,33,37,0.21,0.96,0.39,0.14,0.04,FALSE
2024,3,7,6,34,37,0.21,0.96,0.39,0.14,0.04,FALSE
2024,3,7,6,35,37,0.25,0.96,0.41,0.16,0.06,FALSE
2024,3,7,6,36,37,0.21,0.96,0.39,0.14,0.04,FALSE
2024,3,7,6,37,37,0.21,0.96,0.39,0.14,0.04,FALSE
2024,3,7,6,38,37,0.21,0.96,0.4,0.14,0.04,FALSE
2024,3,7,6,39,37,0.22,0.96,0.39,0.14,0.04,FALSE
2024,3,7,6,40,37,0.22,0.96,0.39,0.14,0.04,FALSE
2024,3,7,6,41,37,0.22,0.96,0.4,0.14,0.04,FALSE
2024,3,7,6,42,37,0.22,0.96,0.4,0.14,0.04,FALSE
2024,3,7,6,43,37,0.22,0.96,0.4,0.14,0.04,FALSE
2024,3,7,6,44,37,0.22,0.96,0.4,0.14,0.04,FALSE
2024,3,7,6,45,37,0.22,0.96,0.4,0.18,0.06,FALSE
2024,3,7,6,46,37,0.22,0.96,0.4,0.13,0.04,FALSE
2024,3,7,6,47,37,0.22,0.96,0.4,0.14,0.04,FALSE
2024,3,7,6,48,37,0.22,0.96,0.4,0.14,0.04,FALSE
2024,3,7,6,49,37,0.22,0.96,0.4,0.14,0.04,FALSE
2024,3,7,6,50,37,0.22,0.96,0.4,0.14,0.04,FALSE
2024,3,7,6,51,37,0.2,0.95,0.4,0.12,0.03,FALSE
2024,3,7,6,52,37,0.21,0.95,0.4,0.13,0.04,FALSE
2024,3,7,6,53,38,0.21,0.94,0.4,0.14,0.04,FALSE
2024,3,7,6,54,38,0.21,0.94,0.4,0.14,0.04,FALSE
2024,3,7,6,55,38,0.21,0.94,0.4,0.15,0.04,FALSE
2024,3,7,6,56,38,0.22,0.93,0.4,0.15,0.04,FALSE
2024,3,7,6,57,38,0.21,0.95,0.4,0.14,0.03,FALSE
2024,3,7,6,58,38,0.21,0.94,0.4,0.14,0.03,FALSE
2024,3,7,6,59,38,0.21,0.95,0.4,0.14,0.03,FALSE
2024,3,7,7,0,38,0.21,0.95,0.4,0.13,0.03,FALSE
2024,3,7,7,1,38,0.21,0.95,0.4,0.13,0.04,FALSE
2024,3,7,7,2,38,0.21,0.95,0.4,0.13,0.04,FALSE
2024,3,7,7,3,38,0.21,0.95,0.41,0.13,0.03,FALSE
2024,3,7,7,4,38,0.21,0.95,0.41,0.13,0.03,FALSE
2024,3,7,7,5,38,0.21,0.95,0.41,0.13,0.03,FALSE
2024,3,7,7,6,38,0.21,0.95,0.41,0.17,0.04,FALSE
2024,3,7,7,7,38,0.2,0.95,0.41,0.13,0.03,FALSE
2024,3,7,7,8,38,0.2,0.95,0.41,0.13,0.03,FALSE
2024,3,7,7,9,38,0.2,0.95,0.41,0.13,0.03,FALSE
2024,3,7,7,10,38,0.2,0.95,0.41,0.13,0.03,FALSE
2024,3,7,7,11,38,0.2,0.95,0.41,0.12,0.03,FALSE
2024,3,7,7,12,38,0.2,0.95,0.41,0.12,0.03,FALSE
2024,3,7,7,13,39,0.21,0.95,0.41,0.12,0.03,FALSE
2024,3,7,7,14,39,0.21,0.95,0.41,0.12,0.03,FALSE
2024,3,7,7,15,39,0.21,0.95,0.41,0.12,0.03,FALSE
2024,3,7,7,16,39,0.21,0.95,0.41,0.12,0.03,FALSE
2024,3,7,7,17,39,0.22,0.94,0.41,0.13,0.04,FALSE
2024,3,7,7,18,39,0.21,0.95,0.41,0.13,0.03,FALSE
2024,3,7,7,19,39,0.21,0.95,0.41,0.13,0.03,FALSE
2024,3,7,7,20,39,0.21,0.95,0.41,0.13,0.03,FALSE
2024,3,7,7,21,39,0.21,0.93,0.41,0.13,0.03,FALSE
2024,3,7,7,22,39,0.21,0.93,0.41,0.12,0.03,FALSE
2024,3,7,7,23,39,0.21,0.94,0.41,0.12,0.03,FALSE
2024,3,7,7,24,39,0.21,0.93,0.41,0.12,0.03,FALSE
2024,3,7,7,25,39,0.21,0.94,0.41,0.12,0.03,FALSE
2024,3,7,7,26,39,0.21,0.94,0.41,0.13,0.03,FALSE
2024,3,7,7,27,39,0.21,0.93,0.41,0.17,0.04,FALSE
2024,3,7,7,28,39,0.21,0.94,0.41,0.14,0.03,FALSE
2024,3,7,7,29,39,0.2,0.94,0.42,0.14,0.03,FALSE
2024,3,7,7,30,39,0.2,0.92,0.42,0.13,0.03,FALSE
2024,3,7,7,31,39,0.2,0.94,0.42,0.13,0.03,FALSE
2024,3,7,7,32,39,0.2,0.94,0.42,0.13,0.03,FALSE
2024,3,7,7,33,40,0.2,0.95,0.42,0.13,0.03,FALSE
2024,3,7,7,34,40,0.2,0.95,0.42,0.13,0.03,FALSE
2024,3,7,7,35,40,0.2,0.95,0.42,0.12,0.03,FALSE
2024,3,7,7,36,40,0.21,0.94,0.42,0.12,0.03,FALSE
2024,3,7,7,37,40,0.2,0.94,0.42,0.12,0.03,FALSE
2024,3,7,7,38,40,0.22,0.94,0.42,0.13,0.04,FALSE
2024,3,7,7,39,40,0.2,0.95,0.42,0.12,0.03,FALSE
2024,3,7,7,40,40,0.2,0.95,0.42,0.12,0.03,FALSE
2024,3,7,7,41,40,0.2,0.95,0.42,0.12,0.03,FALSE
2024,3,7,7,42,40,0.2,0.95,0.42,0.12,0.03,FALSE
2024,3,7,7,43,40,0.2,0.95,0.42,0.12,0.03,FALSE
2024,3,7,7,44,40,0.2,0.95,0.42,0.13,0.03,FALSE
2024,3,7,7,45,40,0.2,0.95,0.42,0.13,0.03,FALSE
2024,3,7,7,46,40,0.2,0.95,0.42,0.12,0.03,FALSE
2024,3,7,7,47,40,0.2,0.95,0.42,0.12,0.03,FALSE
2024,3,7,7,48,40,0.2,0.95,0.44,0.15,0.04,FALSE
2024,3,7,7,49,40,0.2,0.95,0.42,0.12,0.03,FALSE
2024,3,7,7,50,40,0.2,0.95,0.42,0.12,0.03,FALSE
2024,3,7,7,51,40,0.2,0.95,0.42,0.12,0.03,FALSE
2024,3,7,7,52,40,0.2,0.95,0.42,0.12,0.03,FALSE
2024,3,7,7,53,41,0.2,0.95,0.44,0.12,0.03,FALSE
2024,3,7,7,54,41,0.2,0.95,0.44,0.12,0.03,FALSE
2024,3,7,7,55,41,0.2,0.95,0.43,0.13,0.03,FALSE
2024,3,7,7,56,41,0.2,0.95,0.43,0.14,0.03,FALSE
2024,3,7,7,57,41,0.2,0.95,0.43,0.14,0.03,FALSE
2024,3,7,7,58,41,0.2,0.95,0.43,0.13,0.03,FALSE
2024,3,7,7,59,41,0.2,0.95,0.43,0.13,0.03,FALSE
2024,3,7,8,0,41,0.2,0.95,0.43,0.13,0.03,FALSE
2024,3,7,8,1,41,0.2,0.95,0.43,0.13,0.03,FALSE
2024,3,7,8,2,41,0.2,0.95,0.43,0.13,0.03,FALSE
2024,3,7,8,3,41,0.2,0.95,0.43,0.13,0.03,FALSE
2024,3,7,8,4,41,0.2,0.95,0.43,0.13,0.03,FALSE
2024,3,7,8,5,41,0.2,0.95,0.43,0.13,0.03,FALSE
2024,3,7,8,6,41,0.2,0.95,0.43,0.13,0.03,FALSE
2024,3,7,8,7,41,0.2,0.95,0.43,0.12,0.03,FALSE
2024,3,7,8,8,41,0.2,0.95,0.43,0.12,0.03,FALSE
2024,3,7,8,9,41,0.2,0.95,0.43,0.16,0.04,FALSE
2024,3,7,8,10,41,0.2,0.94,0.43,0.12,0.03,FALSE
2024,3,7,8,11,41,0.2,0.94,0.43,0.12,0.03,FALSE
2024,3,7,8,12,42,0.2,0.94,0.43,0.12,0.03,FALSE
2024,3,7,8,13,42,0.2,0.94,0.43,0.12,0.03,FALSE
2024,3,7,8,14,42,0.2,0.93,0.43,0.12,0.03,FALSE
2024,3,7,8,15,42,0.2,0.93,0.43,0.12,0.03,FALSE
2024,3,7,8,16,42,0.2,0.93,0.43,0.12,0.03,FALSE
2024,3,7,8,17,42,0.2,0.93,0.43,0.12,0.03,FALSE
2024,3,7,8,18,42,0.2,0.92,0.43,0.12,0.03,FALSE
2024,3,7,8,19,42,0.2,0.88,0.43,0.12,0.03,FALSE
2024,3,7,8,20,42,0.22,0.9,0.44,0.13,0.04,FALSE
2024,3,7,8,21,42,0.2,0.78,0.43,0.12,0.03,FALSE
2024,3,7,8,22,42,0.2,0.88,0.44,0.12,0.03,FALSE
2024,3,7,8,23,42,0.2,0.86,0.44,0.12,0.03,FALSE
2024,3,7,8,24,42,0.2,0.7,0.44,0.12,0.03,FALSE
2024,3,7,8,25,42,0.19,0.43,0.44,0.12,0.02,FALSE
2024,3,7,8,26,42,0.19,0.53,0.44,0.13,0.03,FALSE
2024,3,7,8,27,42,0.2,0.83,0.45,0.13,0.03,FALSE
2024,3,7,8,28,42,0.2,0.55,0.44,0.13,0.03,FALSE
2024,3,7,8,29,42,0.2,0.57,0.44,0.13,0.03,FALSE
2024,3,7,8,30,42,0.2,0.57,0.46,0.15,0.04,FALSE
2024,3,7,8,31,42,0.2,0.58,0.45,0.12,0.03,FALSE
2024,3,7,8,32,43,0.2,0.58,0.45,0.12,0.03,FALSE
2024,3,7,8,33,43,0.2,0.59,0.45,0.12,0.03,FALSE
2024,3,7,8,34,43,0.2,0.58,0.45,0.12,0.03,FALSE
2024,3,7,8,35,43,0.2,0.59,0.45,0.12,0.03,FALSE
2024,3,7,8,36,43,0.2,0.59,0.47,0.11,0.03,FALSE
2024,3,7,8,37,43,0.2,0.59,0.48,0.11,0.03,FALSE
2024,3,7,8,38,43,0.2,0.59,0.48,0.12,0.03,FALSE
2024,3,7,8,39,43,0.2,0.59,0.49,0.12,0.03,FALSE
2024,3,7,8,40,43,0.2,0.59,0.49,0.12,0.03,FALSE
2024,3,7,8,41,43,0.2,0.57,0.49,0.12,0.03,FALSE
2024,3,7,8,42,43,0.19,0.51,0.49,0.12,0.02,FALSE
2024,3,7,8,43,43,0.2,0.57,0.49,0.12,0.03,FALSE
2024,3,7,8,44,43,0.19,0.53,0.48,0.12,0.02,FALSE
2024,3,7,8,45,43,0.2,0.57,0.47,0.12,0.03,FALSE
2024,3,7,8,46,43,0.2,0.55,0.47,0.12,0.03,FALSE
2024,3,7,8,47,43,0.19,0.52,0.47,0.12,0.02,FALSE
2024,3,7,8,48,43,0.2,0.56,0.47,0.13,0.03,FALSE
2024,3,7,8,49,43,0.2,0.57,0.47,0.13,0.03,FALSE
2024,3,7,8,50,43,0.2,0.56,0.46,0.13,0.03,FALSE
2024,3,7,8,51,43,0.2,0.6,0.47,0.16,0.04,FALSE
2024,3,7,8,52,44,0.2,0.57,0.46,0.13,0.03,FALSE
2024,3,7,8,53,44,0.2,0.59,0.46,0.13,0.03,FALSE
2024,3,7,8,54,44,0.2,0.59,0.49,0.13,0.03,FALSE
2024,3,7,8,55,44,0.2,0.59,0.49,0.12,0.03,FALSE
2024,3,7,8,56,44,0.2,0.6,0.49,0.12,0.03,FALSE
2024,3,7,8,57,44,0.2,0.6,0.49,0.12,0.03,FALSE
2024,3,7,8,58,44,0.2,0.58,0.49,0.12,0.03,FALSE
2024,3,7,8,59,44,0.2,0.59,0.49,0.12,0.03,FALSE
2024,3,7,9,0,44,0.2,0.58,0.48,0.12,0.03,FALSE
2024,3,7,9,1,44,0.2,0.57,0.48,0.12,0.03,FALSE
2024,3,7,9,2,44,0.2,0.58,0.48,0.12,0.03,FALSE
2024,3,7,9,3,44,0.2,0.6,0.48,0.12,0.03,FALSE
2024,3,7,9,4,44,0.2,0.61,0.48,0.12,0.03,FALSE
2024,3,7,9,5,44,0.2,0.6,0.48,0.12,0.03,FALSE
2024,3,7,9,6,44,0.2,0.6,0.48,0.12,0.03,FALSE
2024,3,7,9,7,44,0.2,0.6,0.48,0.12,0.03,FALSE
2024,3,7,9,8,44,0.2,0.6,0.48,0.12,0.03,FALSE
2024,3,7,9,9,44,0.2,0.62,0.48,0.12,0.03,FALSE
2024,3,7,9,10,44,0.2,0.58,0.48,0.12,0.03,FALSE
2024,3,7,9,11,44,0.2,0.57,0.48,0.12,0.03,FALSE
2024,3,7,9,12,45,0.2,0.59,0.49,0.15,0.04,FALSE
2024,3,7,9,13,45,0.2,0.54,0.48,0.12,0.03,FALSE
2024,3,7,9,14,45,0.2,0.53,0.47,0.12,0.03,FALSE
2024,3,7,9,15,45,0.2,0.54,0.47,0.12,0.03,FALSE
2024,3,7,9,16,45,0.2,0.53,0.47,0.11,0.02,FALSE
2024,3,7,9,17,45,0.2,0.54,0.48,0.12,0.03,FALSE
2024,3,7,9,18,45,0.2,0.53,0.48,0.12,0.03,FALSE
2024,3,7,9,19,45,0.2,0.52,0.48,0.12,0.02,FALSE
2024,3,7,9,20,45,0.2,0.57,0.48,0.12,0.03,FALSE
2024,3,7,9,21,45,0.2,0.59,0.48,0.12,0.03,FALSE
2024,3,7,9,22,45,0.2,0.59,0.48,0.12,0.03,FALSE
2024,3,7,9,23,45,0.2,0.57,0.47,0.12,0.03,FALSE
2024,3,7,9,24,45,0.2,0.59,0.47,0.12,0.03,FALSE
2024,3,7,9,25,45,0.2,0.57,0.48,0.12,0.03,FALSE
2024,3,7,9,26,45,0.2,0.56,0.48,0.11,0.03,FALSE
2024,3,7,9,27,45,0.2,0.54,0.48,0.12,0.03,FALSE
2024,3,7,9,28,45,0.2,0.52,0.47,0.12,0.02,FALSE
2024,3,7,9,29,45,0.2,0.55,0.47,0.13,0.03,FALSE
2024,3,7,9,30,45,0.2,0.57,0.47,0.12,0.03,FALSE
2024,3,7,9,31,45,0.2,0.55,0.47,0.12,0.03,FALSE
2024,3,7,9,32,46,0.2,0.57,0.47,0.12,0.03,FALSE
2024,3,7,9,33,46,0.2,0.59,0.48,0.13,0.04,FALSE
2024,3,7,9,34,46,0.2,0.57,0.47,0.11,0.03,FALSE
2024,3,7,9,35,46,0.2,0.58,0.47,0.11,0.03,FALSE
2024,3,7,9,36,46,0.2,0.59,0.47,0.12,0.03,FALSE
2024,3,7,9,37,46,0.2,0.61,0.47,0.12,0.03,FALSE
2024,3,7,9,38,46,0.2,0.61,0.48,0.12,0.03,FALSE
2024,3,7,9,39,46,0.2,0.64,0.48,0.12,0.03,FALSE
2024,3,7,9,40,46,0.2,0.65,0.48,0.12,0.03,FALSE
2024,3,7,9,41,46,0.2,0.64,0.47,0.12,0.03,FALSE
2024,3,7,9,42,46,0.2,0.39,0.47,0.11,0.02,FALSE
2024,3,7,9,43,46,0.2,0.46,0.47,0.11,0.02,FALSE
2024,3,7,9,44,46,0.2,0.53,0.47,0.11,0.03,FALSE
2024,3,7,9,45,46,0.2,0.56,0.47,0.12,0.03,FALSE
2024,3,7,9,46,46,0.2,0.57,0.47,0.12,0.03,FALSE
2024,3,7,9,47,46,0.2,0.58,0.47,0.12,0.03,FALSE
2024,3,7,9,48,46,0.2,0.59,0.47,0.12,0.03,FALSE
2024,3,7,9,49,46,0.2,0.6,0.48,0.12,0.03,FALSE
2024,3,7,9,50,46,0.2,0.61,0.48,0.12,0.03,FALSE
2024,3,7,9,51,46,0.21,0.62,0.48,0.12,0.03,FALSE
2024,3,7,9,52,47,0.21,0.61,0.48,0.12,0.03,FALSE
2024,3,7,9,53,47,0.21,0.6,0.48,0.12,0.03,FALSE
2024,3,7,9,54,47,0.24,0.61,0.48,0.13,0.04,FALSE
2024,3,7,9,55,47,0.21,0.61,0.48,0.12,0.03,FALSE
2024,3,7,9,56,47,0.21,0.58,0.48,0.12,0.03,FALSE
2024,3,7,9,57,47,0.2,0.52,0.48,0.11,0.02,FALSE
2024,3,7,9,58,47,0.21,0.53,0.48,0.11,0.02,FALSE
2024,3,7,9,59,47,0.21,0.55,0.48,0.12,0.03,FALSE
2024,3,7,10,0,47,0.21,0.57,0.48,0.12,0.03,FALSE
2024,3,7,10,1,47,0.21,0.59,0.48,0.12,0.03,FALSE
2024,3,7,10,2,47,0.21,0.57,0.48,0.12,0.03,FALSE
2024,3,7,10,3,47,0.2,0.51,0.48,0.12,0.03,FALSE
2024,3,7,10,4,47,0.21,0.55,0.48,0.12,0.04,FALSE
2024,3,7,10,5,47,0.21,0.58,0.48,0.12,0.03,FALSE
2024,3,7,10,6,47,0.23,0.6,0.48,0.12,0.03,FALSE
2024,3,7,10,7,47,0.2,0.62,0.48,0.13,0.03,FALSE
2024,3,7,10,8,47,0.2,0.61,0.48,0.13,0.03,FALSE
2024,3,7,10,9,47,0.21,0.64,0.48,0.13,0.03,FALSE
2024,3,7,10,10,47,0.21,0.62,0.48,0.13,0.03,FALSE
2024,3,7,10,11,47,0.2,0.62,0.48,0.13,0.03,FALSE
2024,3,7,10,12,48,0.2,0.61,0.48,0.13,0.03,FALSE
2024,3,7,10,13,48,0.2,0.61,0.48,0.13,0.03,FALSE
2024,3,7,10,14,48,0.2,0.56,0.48,0.12,0.03,FALSE
2024,3,7,10,15,48,0.22,0.57,0.49,0.13,0.04,FALSE
2024,3,7,10,16,48,0.2,0.58,0.48,0.12,0.03,FALSE
2024,3,7,10,17,48,0.2,0.58,0.48,0.12,0.03,FALSE
2024,3,7,10,18,48,0.2,0.59,0.48,0.12,0.03,FALSE
2024,3,7,10,19,48,0.21,0.59,0.48,0.12,0.03,FALSE
2024,3,7,10,20,48,0.21,0.59,0.48,0.12,0.03,FALSE
2024,3,7,10,21,48,0.2,0.59,0.48,0.12,0.03,FALSE
2024,3,7,10,22,48,0.21,0.58,0.48,0.12,0.03,FALSE
2024,3,7,10,23,48,0.21,0.58,0.49,0.13,0.03,FALSE
2024,3,7,10,24,48,0.21,0.58,0.48,0.14,0.03,FALSE
2024,3,7,10,25,48,0.24,0.58,0.49,0.15,0.04,FALSE
2024,3,7,10,26,48,0.21,0.57,0.48,0.13,0.03,FALSE
2024,3,7,10,27,48,0.21,0.57,0.48,0.13,0.03,FALSE
2024,3,7,10,28,48,0.21,0.58,0.48,0.13,0.03,FALSE
2024,3,7,10,29,48,0.21,0.58,0.49,0.13,0.03,FALSE
2024,3,7,10,30,48,0.21,0.58,0.49,0.12,0.03,FALSE
2024,3,7,10,31,48,0.21,0.58,0.48,0.12,0.03,FALSE
2024,3,7,10,32,49,0.21,0.58,0.49,0.12,0.03,FALSE
2024,3,7,10,33,49,0.21,0.58,0.49,0.12,0.03,FALSE
2024,3,7,10,34,49,0.21,0.58,0.48,0.12,0.03,FALSE
2024,3,7,10,35,49,0.21,0.58,0.5,0.15,0.04,FALSE
2024,3,7,10,36,49,0.21,0.58,0.48,0.12,0.03,FALSE
2024,3,7,10,37,49,0.21,0.58,0.48,0.13,0.03,FALSE
2024,3,7,10,38,49,0.21,0.58,0.48,0.12,0.03,FALSE
2024,3,7,10,39,49,0.21,0.58,0.48,0.12,0.03,FALSE
2024,3,7,10,40,49,0.21,0.58,0.48,0.12,0.03,FALSE
2024,3,7,10,41,49,0.21,0.59,0.48,0.12,0.03,FALSE
2024,3,7,10,42,49,0.2,0.59,0.48,0.12,0.03,FALSE
2024,3,7,10,43,49,0.2,0.59,0.49,0.12,0.03,FALSE
2024,3,7,10,44,49,0.21,0.59,0.49,0.12,0.03,FALSE
2024,3,7,10,45,49,0.21,0.6,0.49,0.12,0.03,FALSE
2024,3,7,10,46,49,0.21,0.59,0.49,0.12,0.03,FALSE
2024,3,7,10,47,49,0.21,0.59,0.48,0.12,0.03,FALSE
2024,3,7,10,48,49,0.21,0.59,0.48,0.13,0.03,FALSE
2024,3,7,10,49,49,0.2,0.59,0.48,0.13,0.03,FALSE
2024,3,7,10,50,49,0.21,0.59,0.48,0.13,0.03,FALSE
2024,3,7,10,51,49,0.21,0.6,0.49,0.13,0.03,FALSE
2024,3,7,10,52,50,0.2,0.59,0.49,0.13,0.03,FALSE
2024,3,7,10,53,50,0.2,0.58,0.49,0.12,0.03,FALSE
2024,3,7,10,54,50,0.2,0.58,0.49,0.12,0.03,FALSE
2024,3,7,10,55,50,0.2,0.58,0.49,0.13,0.03,FALSE
2024,3,7,10,56,50,0.22,0.58,0.49,0.14,0.04,FALSE
2024,3,7,10,57,50,0.2,0.59,0.49,0.13,0.03,FALSE
2024,3,7,10,58,50,0.27,0.59,0.49,0.14,0.03,FALSE
2024,3,7,10,59,50,0.27,0.59,0.49,0.13,0.03,FALSE
2024,3,7,11,0,50,0.26,0.58,0.49,0.13,0.03,FALSE
2024,3,7,11,1,50,0.26,0.59,0.49,0.13,0.03,FALSE
2024,3,7,11,2,50,0.26,0.59,0.49,0.12,0.03,FALSE
2024,3,7,11,3,50,0.26,0.6,0.49,0.12,0.03,FALSE
2024,3,7,11,4,50,0.27,0.59,0.49,0.12,0.03,FALSE
2024,3,7,11,5,50,0.27,0.59,0.49,0.12,0.03,FALSE
2024,3,7,11,6,50,0.27,0.59,0.49,0.14,0.04,FALSE
2024,3,7,11,7,50,0.28,0.58,0.49,0.12,0.03,FALSE
2024,3,7,11,8,50,0.29,0.58,0.49,0.12,0.03,FALSE
2024,3,7,11,9,50,0.29,0.58,0.49,0.11,0.03,FALSE
2024,3,7,11,10,50,0.3,0.58,0.49,0.11,0.03,FALSE
2024,3,7,11,11,50,0.3,0.58,0.49,0.11,0.03,FALSE
2024,3,7,11,12,51,0.3,0.57,0.49,0.11,0.03,FALSE
2024,3,7,11,13,51,0.3,0.58,0.49,0.11,0.03,FALSE
2024,3,7,11,14,51,0.31,0.57,0.49,0.11,0.03,FALSE
2024,3,7,11,15,51,0.31,0.57,0.49,0.11,0.03,FALSE
2024,3,7,11,16,51,0.31,0.57,0.49,0.11,0.04,FALSE
2024,3,7,11,17,51,0.32,0.57,0.49,0.11,0.03,FALSE
2024,3,7,11,18,51,0.32,0.57,0.49,0.11,0.03,FALSE
2024,3,7,11,19,51,0.32,0.56,0.49,0.11,0.03,FALSE
2024,3,7,11,20,51,0.32,0.56,0.49,0.11,0.03,FALSE
2024,3,7,11,21,51,0.32,0.56,0.49,0.11,0.03,FALSE
2024,3,7,11,22,51,0.32,0.57,0.49,0.12,0.03,FALSE
2024,3,7,11,23,51,0.33,0.56,0.49,0.12,0.03,FALSE
2024,3,7,11,24,51,0.33,0.56,0.49,0.12,0.03,FALSE
2024,3,7,11,25,51,0.33,0.56,0.49,0.12,0.03,FALSE
2024,3,7,11,26,51,0.33,0.56,0.49,0.12,0.03,FALSE
2024,3,7,11,27,51,0.33,0.56,0.49,0.12,0.03,FALSE
2024,3,7,11,28,51,0.33,0.57,0.49,0.12,0.03,FALSE
2024,3,7,11,29,51,0.33,0.56,0.49,0.12,0.03,FALSE
2024,3,7,11,30,51,0.33,0.58,0.49,0.12,0.03,FALSE
2024,3,7,11,31,51,0.33,0.57,0.49,0.12,0.03,FALSE
2024,3,7,11,32,52,0.33,0.58,0.49,0.12,0.03,FALSE
2024,3,7,11,33,52,0.33,0.58,0.49,0.12,0.03,FALSE
2024,3,7,11,34,52,0.33,0.58,0.49,0.12,0.02,FALSE
2024,3,7,11,35,52,0.33,0.58,0.49,0.12,0.03,FALSE
2024,3,7,11,36,52,0.33,0.57,0.49,0.12,0.03,FALSE
2024,3,7,11,37,52,0.35,0.58,0.49,0.13,0.04,FALSE
2024,3,7,11,38,52,0.34,0.58,0.49,0.12,0.03,FALSE
2024,3,7,11,39,52,0.34,0.59,0.49,0.11,0.03,FALSE
2024,3,7,11,40,52,0.34,0.58,0.49,0.11,0.03,FALSE
2024,3,7,11,41,52,0.34,0.58,0.49,0.12,0.03,FALSE
2024,3,7,11,42,52,0.34,0.59,0.49,0.12,0.03,FALSE
2024,3,7,11,43,52,0.34,0.58,0.49,0.12,0.03,FALSE
2024,3,7,11,44,52,0.34,0.59,0.49,0.12,0.03,FALSE
2024,3,7,11,45,52,0.34,0.59,0.49,0.12,0.03,FALSE
2024,3,7,11,46,52,0.34,0.57,0.49,0.12,0.03,FALSE
2024,3,7,11,47,52,0.34,0.57,0.5,0.13,0.04,FALSE
2024,3,7,11,48,52,0.34,0.59,0.49,0.12,0.03,FALSE
2024,3,7,11,49,52,0.34,0.59,0.49,0.11,0.03,FALSE
2024,3,7,11,50,52,0.34,0.59,0.49,0.12,0.03,FALSE
2024,3,7,11,51,52,0.34,0.58,0.49,0.12,0.02,FALSE
2024,3,7,11,52,53,0.33,0.58,0.49,0.12,0.03,FALSE
2024,3,7,11,53,53,0.33,0.58,0.49,0.12,0.03,FALSE
2024,3,7,11,54,53,0.33,0.57,0.49,0.12,0.03,FALSE
2024,3,7,11,55,53,0.33,0.55,0.49,0.12,0.03,FALSE
2024,3,7,11,56,53,0.33,0.55,0.49,0.12,0.02,FALSE
2024,3,7,11,57,53,0.33,0.58,0.49,0.12,0.04,FALSE
2024,3,7,11,58,53,0.33,0.58,0.49,0.12,0.03,FALSE
2024,3,7,11,59,53,0.33,0.58,0.49,0.12,0.03,FALSE
2024,3,7,12,0,53,0.33,0.57,0.49,0.12,0.03,FALSE
2024,3,7,12,1,53,0.33,0.57,0.49,0.12,0.03,FALSE
2024,3,7,12,2,53,0.33,0.55,0.49,0.12,0.03,FALSE
2024,3,7,12,3,53,0.33,0.56,0.49,0.12,0.02,FALSE
2024,3,7,12,4,53,0.33,0.56,0.49,0.12,0.03,FALSE
2024,3,7,12,5,53,0.33,0.57,0.49,0.12,0.03,FALSE
2024,3,7,12,6,53,0.33,0.59,0.49,0.12,0.03,FALSE
2024,3,7,12,7,53,0.33,0.59,0.49,0.11,0.03,FALSE
2024,3,7,12,8,53,0.34,0.6,0.49,0.13,0.03,FALSE
2024,3,7,12,9,53,0.33,0.6,0.49,0.11,0.03,FALSE
2024,3,7,12,10,53,0.33,0.6,0.49,0.11,0.02,FALSE
2024,3,7,12,11,54,0.33,0.6,0.49,0.11,0.02,FALSE
2024,3,7,12,12,54,0.33,0.6,0.49,0.1,0.03,FALSE
2024,3,7,12,13,54,0.33,0.59,0.49,0.1,0.03,FALSE
2024,3,7,12,14,54,0.33,0.6,0.49,0.1,0.03,FALSE
2024,3,7,12,15,54,0.33,0.62,0.49,0.1,0.03,FALSE
2024,3,7,12,16,54,0.33,0.59,0.49,0.11,0.03,FALSE
2024,3,7,12,17,54,0.33,0.59,0.49,0.11,0.03,FALSE
2024,3,7,12,18,54,0.36,0.61,0.5,0.13,0.04,FALSE
2024,3,7,12,19,54,0.33,0.6,0.49,0.12,0.03,FALSE
2024,3,7,12,20,54,0.33,0.58,0.49,0.13,0.03,FALSE
2024,3,7,12,21,54,0.33,0.58,0.49,0.13,0.03,FALSE
2024,3,7,12,22,54,0.33,0.63,0.49,0.13,0.03,FALSE
2024,3,7,12,23,54,0.33,0.62,0.49,0.12,0.03,FALSE
2024,3,7,12,24,54,0.33,0.6,0.49,0.12,0.03,FALSE
2024,3,7,12,25,54,0.33,0.61,0.49,0.12,0.03,FALSE
2024,3,7,12,26,54,0.33,0.62,0.49,0.12,0.03,FALSE
2024,3,7,12,27,54,0.33,0.61,0.49,0.11,0.03,FALSE
2024,3,7,12,28,54,0.33,0.61,0.49,0.14,0.04,FALSE
2024,3,7,12,29,54,0.33,0.62,0.49,0.11,0.02,FALSE
2024,3,7,12,30,54,0.33,0.58,0.49,0.11,0.02,FALSE
2024,3,7,12,31,55,0.33,0.61,0.49,0.11,0.03,FALSE
2024,3,7,12,32,55,0.33,0.61,0.5,0.11,0.02,FALSE
2024,3,7,12,33,55,0.33,0.62,0.5,0.11,0.02,FALSE
2024,3,7,12,34,55,0.33,0.62,0.5,0.11,0.03,FALSE
2024,3,7,12,35,55,0.33,0.6,0.5,0.11,0.02,FALSE
2024,3,7,12,36,55,0.33,0.59,0.5,0.11,0.02,FALSE
2024,3,7,12,37,55,0.33,0.59,0.5,0.11,0.03,FALSE
2024,3,7,12,38,55,0.33,0.58,0.5,0.11,0.02,FALSE
2024,3,7,12,39,55,0.33,0.59,0.5,0.11,0.03,FALSE
2024,3,7,12,40,55,0.33,0.59,0.5,0.11,0.03,FALSE
2024,3,7,12,41,55,0.33,0.58,0.5,0.11,0.02,FALSE
2024,3,7,12,42,55,0.32,0.5,0.5,0.12,0.02,FALSE
2024,3,7,12,43,55,0.33,0.57,0.5,0.12,0.03,FALSE
2024,3,7,12,44,55,0.33,0.58,0.5,0.12,0.02,FALSE
2024,3,7,12,45,55,0.33,0.55,0.5,0.13,0.03,FALSE
2024,3,7,12,46,55,0.32,0.55,0.5,0.14,0.03,FALSE
2024,3,7,12,47,55,0.32,0.5,0.5,0.13,0.02,FALSE
2024,3,7,12,48,55,0.32,0.52,0.5,0.13,0.02,FALSE
2024,3,7,12,49,55,0.33,0.5,0.5,0.13,0.03,FALSE
2024,3,7,12,50,55,0.32,0.5,0.5,0.12,0.02,FALSE
2024,3,7,12,51,55,0.32,0.48,0.5,0.11,0.02,FALSE
2024,3,7,12,52,56,0.32,0.43,0.5,0.11,0.02,FALSE
2024,3,7,12,53,56,0.32,0.34,0.5,0.11,0.02,FALSE
2024,3,7,12,54,56,0.31,0.35,0.5,0.11,0.02,FALSE
2024,3,7,12,55,56,0.31,0.34,0.49,0.1,0.02,FALSE
2024,3,7,12,56,56,0.31,0.33,0.49,0.1,0.02,FALSE
2024,3,7,12,57,56,0.31,0.33,0.49,0.1,0.02,FALSE
2024,3,7,12,58,56,0.31,0.33,0.49,0.1,0.02,FALSE
2024,3,7,12,59,56,0.34,0.34,0.49,0.12,0.03,FALSE
2024,3,7,13,0,56,0.31,0.33,0.49,0.1,0.02,FALSE
2024,3,7,13,1,56,0.31,0.33,0.49,0.1,0.02,FALSE
2024,3,7,13,2,56,0.31,0.33,0.49,0.11,0.02,FALSE
2024,3,7,13,3,56,0.31,0.33,0.49,0.11,0.02,FALSE
2024,3,7,13,4,56,0.3,0.33,0.49,0.11,0.02,FALSE
2024,3,7,13,5,56,0.3,0.33,0.49,0.11,0.02,FALSE
2024,3,7,13,6,56,0.3,0.33,0.5,0.11,0.02,FALSE
2024,3,7,13,7,56,0.3,0.33,0.49,0.12,0.02,FALSE
2024,3,7,13,8,56,0.3,0.33,0.5,0.13,0.02,FALSE
2024,3,7,13,9,56,0.3,0.33,0.5,0.13,0.03,FALSE
2024,3,7,13,10,56,0.3,0.33,0.5,0.13,0.02,FALSE
2024,3,7,13,11,56,0.3,0.34,0.5,0.12,0.02,FALSE
2024,3,7,13,12,57,0.3,0.34,0.5,0.12,0.02,FALSE
2024,3,7,13,13,57,0.3,0.34,0.5,0.12,0.02,FALSE
2024,3,7,13,14,57,0.3,0.34,0.5,0.12,0.02,FALSE
2024,3,7,13,15,57,0.3,0.34,0.5,0.11,0.02,FALSE
2024,3,7,13,16,57,0.3,0.35,0.5,0.11,0.02,FALSE
2024,3,7,13,17,57,0.3,0.36,0.5,0.11,0.02,FALSE
2024,3,7,13,18,57,0.3,0.35,0.5,0.11,0.02,FALSE
2024,3,7,13,19,57,0.3,0.36,0.5,0.11,0.02,FALSE
2024,3,7,13,20,57,0.3,0.37,0.5,0.11,0.02,FALSE
2024,3,7,13,21,57,0.29,0.37,0.5,0.11,0.02,FALSE
2024,3,7,13,22,57,0.29,0.38,0.5,0.11,0.02,FALSE
2024,3,7,13,23,57,0.29,0.39,0.5,0.11,0.02,FALSE
2024,3,7,13,24,57,0.29,0.4,0.5,0.11,0.02,FALSE
2024,3,7,13,25,57,0.29,0.41,0.5,0.11,0.02,FALSE
2024,3,7,13,26,57,0.29,0.42,0.5,0.11,0.02,FALSE
2024,3,7,13,27,57,0.29,0.42,0.5,0.1,0.02,FALSE
2024,3,7,13,28,57,0.29,0.43,0.5,0.1,0.02,FALSE
2024,3,7,13,29,57,0.29,0.44,0.5,0.1,0.02,FALSE
2024,3,7,13,30,57,0.31,0.45,0.5,0.12,0.03,FALSE
2024,3,7,13,31,57,0.29,0.45,0.5,0.1,0.02,FALSE
2024,3,7,13,32,58,0.29,0.45,0.5,0.1,0.02,FALSE
2024,3,7,13,33,58,0.29,0.45,0.5,0.11,0.02,FALSE
2024,3,7,13,34,58,0.29,0.46,0.5,0.1,0.02,FALSE
2024,3,7,13,35,58,0.29,0.46,0.5,0.1,0.02,FALSE
2024,3,7,13,36,58,0.29,0.46,0.5,0.11,0.02,FALSE
2024,3,7,13,37,58,0.29,0.47,0.5,0.11,0.02,FALSE
2024,3,7,13,38,58,0.29,0.47,0.5,0.13,0.02,FALSE
2024,3,7,13,39,58,0.29,0.47,0.5,0.13,0.02,FALSE
2024,3,7,13,40,58,0.29,0.47,0.51,0.15,0.03,FALSE
2024,3,7,13,41,58,0.29,0.47,0.5,0.13,0.02,FALSE
2024,3,7,13,42,58,0.29,0.47,0.5,0.12,0.02,FALSE
2024,3,7,13,43,58,0.29,0.48,0.5,0.11,0.02,FALSE
2024,3,7,13,44,58,0.29,0.48,0.5,0.11,0.02,FALSE
2024,3,7,13,45,58,0.29,0.48,0.5,0.11,0.02,FALSE
2024,3,7,13,46,58,0.29,0.48,0.5,0.1,0.02,FALSE
2024,3,7,13,47,58,0.29,0.48,0.5,0.1,0.02,FALSE
2024,3,7,13,48,58,0.29,0.49,0.5,0.1,0.02,FALSE
2024,3,7,13,49,58,0.3,0.5,0.5,0.1,0.02,FALSE
2024,3,7,13,50,58,0.3,0.47,0.5,0.1,0.03,FALSE
2024,3,7,13,51,58,0.29,0.47,0.5,0.1,0.02,FALSE
2024,3,7,13,52,59,0.29,0.48,0.5,0.11,0.02,FALSE
2024,3,7,13,53,59,0.29,0.47,0.5,0.11,0.02,FALSE
2024,3,7,13,54,59,0.29,0.48,0.5,0.11,0.02,FALSE
2024,3,7,13,55,59,0.29,0.48,0.5,0.11,0.02,FALSE
2024,3,7,13,56,59,0.29,0.48,0.5,0.11,0.02,FALSE
2024,3,7,13,57,59,0.29,0.48,0.5,0.12,0.02,FALSE
2024,3,7,13,58,59,0.29,0.48,0.5,0.12,0.02,FALSE
2024,3,7,13,59,59,0.29,0.48,0.5,0.12,0.02,FALSE
2024,3,7,14,0,59,0.29,0.47,0.5,0.11,0.02,FALSE
2024,3,7,14,1,59,0.29,0.48,0.5,0.11,0.02,FALSE
2024,3,7,14,2,59,0.29,0.48,0.5,0.12,0.02,FALSE
2024,3,7,14,3,59,0.29,0.48,0.5,0.12,0.02,FALSE
2024,3,7,14,4,59,0.29,0.46,0.5,0.12,0.02,FALSE
2024,3,7,14,5,59,0.29,0.46,0.5,0.11,0.02,FALSE
2024,3,7,14,6,59,0.29,0.46,0.5,0.11,0.02,FALSE
2024,3,7,14,7,59,0.29,0.44,0.5,0.11,0.02,FALSE
2024,3,7,14,8,59,0.29,0.43,0.5,0.11,0.02,FALSE
2024,3,7,14,9,59,0.29,0.4,0.5,0.11,0.02,FALSE
2024,3,7,14,10,59,0.29,0.39,0.5,0.1,0.02,FALSE
2024,3,7,14,11,59,0.29,0.4,0.51,0.12,0.03,FALSE
2024,3,7,14,13,0,0.29,0.34,0.5,0.1,0.02,FALSE
2024,3,7,14,14,0,0.29,0.34,0.5,0.1,0.02,FALSE
2024,3,7,14,15,0,0.29,0.34,0.5,0.1,0.02,FALSE
2024,3,7,14,16,0,0.29,0.34,0.5,0.1,0.02,FALSE
2024,3,7,14,17,0,0.29,0.34,0.5,0.11,0.02,FALSE
2024,3,7,14,18,0,0.29,0.34,0.5,0.1,0.02,FALSE
2024,3,7,14,19,0,0.29,0.34,0.5,0.1,0.02,FALSE
2024,3,7,14,20,0,0.29,0.34,0.5,0.11,0.02,FALSE
2024,3,7,14,21,0,0.29,0.34,0.5,0.1,0.02,FALSE
2024,3,7,14,22,0,0.29,0.35,0.5,0.1,0.02,FALSE
2024,3,7,14,23,0,0.29,0.35,0.5,0.11,0.02,FALSE
2024,3,7,14,24,0,0.29,0.35,0.5,0.12,0.02,FALSE
2024,3,7,14,25,0,0.29,0.35,0.5,0.14,0.02,FALSE
2024,3,7,14,26,0,0.29,0.35,0.5,0.15,0.02,FALSE
2024,3,7,14,27,0,0.29,0.35,0.5,0.15,0.02,FALSE
2024,3,7,14,28,0,0.29,0.36,0.5,0.15,0.02,FALSE
2024,3,7,14,29,0,0.29,0.36,0.5,0.14,0.02,FALSE
2024,3,7,14,30,0,0.29,0.36,0.5,0.14,0.02,FALSE
2024,3,7,14,31,0,0.29,0.36,0.5,0.14,0.02,FALSE
2024,3,7,14,32,0,0.29,0.36,0.5,0.13,0.02,FALSE
2024,3,7,14,33,1,0.31,0.38,0.5,0.14,0.03,FALSE
2024,3,7,14,34,1,0.29,0.37,0.5,0.13,0.02,FALSE
2024,3,7,14,35,1,0.29,0.38,0.5,0.12,0.02,FALSE
2024,3,7,14,36,1,0.29,0.38,0.5,0.12,0.02,FALSE
2024,3,7,14,37,1,0.29,0.37,0.5,0.11,0.02,FALSE
2024,3,7,14,38,1,0.29,0.38,0.5,0.11,0.02,FALSE
2024,3,7,14,39,1,0.29,0.38,0.5,0.11,0.02,FALSE
2024,3,7,14,40,1,0.29,0.38,0.5,0.11,0.02,FALSE
2024,3,7,14,41,1,0.29,0.37,0.5,0.1,0.02,FALSE
2024,3,7,14,42,1,0.29,0.38,0.5,0.1,0.02,FALSE
2024,3,7,14,43,1,0.29,0.38,0.5,0.1,0.03,FALSE
2024,3,7,14,44,1,0.29,0.38,0.5,0.1,0.02,FALSE
2024,3,7,14,45,1,0.29,0.38,0.5,0.1,0.02,FALSE
2024,3,7,14,46,1,0.29,0.38,0.5,0.1,0.02,FALSE
2024,3,7,14,47,1,0.29,0.38,0.5,0.1,0.02,FALSE
2024,3,7,14,48,1,0.29,0.37,0.5,0.1,0.02,FALSE
2024,3,7,14,49,1,0.29,0.38,0.5,0.1,0.02,FALSE
2024,3,7,14,50,1,0.28,0.38,0.5,0.11,0.02,FALSE
2024,3,7,14,51,1,0.29,0.38,0.5,0.11,0.02,FALSE
2024,3,7,14,52,1,0.29,0.38,0.5,0.11,0.02,FALSE
2024,3,7,14,53,2,0.29,0.38,0.5,0.11,0.02,FALSE
2024,3,7,14,54,2,0.31,0.39,0.51,0.12,0.03,FALSE
2024,3,7,14,55,2,0.29,0.38,0.5,0.11,0.02,FALSE
2024,3,7,14,56,2,0.29,0.38,0.5,0.11,0.02,FALSE
